key,screen,safety_critical,context,english,mizo,status,reviewer,reviewed_on,notes
"emergency.heading","emergency","yes","Emergency Mode screen","Emergency — act now","","","","",""
"emergency.heading.crisis","emergency","yes","Emergency Mode screen","Help is available now","","","","",""
"emergency.crisis.talk","emergency","yes","Emergency Mode screen","Talk to someone now — free, 24 hours","","","","",""
"emergency.crisis.telemanas","emergency","yes","Emergency Mode screen","Tele-MANAS 14416","","","","",""
"emergency.ambulance","emergency","yes","Emergency Mode screen","Ambulance","","","","",""
"emergency.call108","emergency","yes","Emergency Mode screen","Call 108","","","","",""
"emergency.national","emergency","yes","Emergency Mode screen","National emergency number","","","","",""
"emergency.call112","emergency","yes","Emergency Mode screen","Call 112","","","","",""
"emergency.nearby","emergency","yes","Emergency Mode screen","Ask someone nearby to help you. If you cannot call, ask them to call. Or go to the nearest hospital emergency now.","","","","",""
"emergency.waiting","emergency","yes","Emergency Mode screen","While waiting for help","","","","",""
"emergency.what","emergency","yes","Emergency Mode screen","What is happening? (optional)","","","","",""
"emergency.what.hint","emergency","yes","Emergency Mode screen","Tap one to see what to do while waiting for help.","","","","",""
"emergency.note.open","emergency","yes","Emergency Mode screen","Prepare information for the ambulance or doctor (optional)","","","","",""
"emergency.note.title","emergency","yes","Emergency Mode screen","Information for responders","","","","",""
"emergency.note.private","emergency","yes","Emergency Mode screen","This stays on this screen only. It is not saved or sent.","","","","",""
"emergency.note.time","emergency","yes","Emergency Mode screen","Note the time it started (now)","","","","",""
"emergency.note.timeNoted","emergency","yes","Emergency Mode screen","Time noted:","","","","",""
"emergency.note.happened","emergency","yes","Emergency Mode screen","What happened","","","","",""
"emergency.note.medicines","emergency","yes","Emergency Mode screen","Medicines they take","","","","",""
"emergency.note.allergies","emergency","yes","Emergency Mode screen","Allergies","","","","",""
"emergency.note.show","emergency","yes","Emergency Mode screen","Show this to the responders","","","","",""
"emergency.exit","emergency","yes","Emergency Mode screen","This is not an emergency — go back","","","","",""
"redflag.breathing.label","emergency","yes","Emergency checklist item","Severe difficulty breathing, choking, or lips turning blue","","","","",""
"redflag.breathing.title","emergency","yes","Emergency Mode heading","Severe breathing difficulty","","","","",""
"redflag.breathing.guidance.0","emergency","yes","First-response step","Help the person sit upright.","","","","",""
"redflag.breathing.guidance.1","emergency","yes","First-response step","Loosen tight clothing.","","","","",""
"redflag.breathing.guidance.2","emergency","yes","First-response step","If they have their own prescribed inhaler, help them use it.","","","","",""
"redflag.chest_pain.label","emergency","yes","Emergency checklist item","Chest pain, pressure, or tightness right now","","","","",""
"redflag.chest_pain.title","emergency","yes","Emergency Mode heading","Chest pain","","","","",""
"redflag.chest_pain.guidance.0","emergency","yes","First-response step","Help the person sit down and rest.","","","","",""
"redflag.chest_pain.guidance.1","emergency","yes","First-response step","Do not let them walk, climb stairs, or drive themselves to hospital.","","","","",""
"redflag.chest_pain.guidance.2","emergency","yes","First-response step","Stay with them until help arrives.","","","","",""
"redflag.stroke.label","emergency","yes","Emergency checklist item","Face drooping, weakness in an arm or leg, or slurred speech","","","","",""
"redflag.stroke.title","emergency","yes","Emergency Mode heading","Possible stroke signs","","","","",""
"redflag.stroke.guidance.0","emergency","yes","First-response step","Note the time the signs started — doctors need to know.","","","","",""
"redflag.stroke.guidance.1","emergency","yes","First-response step","Do not give food or drink.","","","","",""
"redflag.stroke.guidance.2","emergency","yes","First-response step","If they become unconscious but are breathing, turn them on their side.","","","","",""
"redflag.unconscious.label","emergency","yes","Emergency checklist item","Fainted, unconscious, or cannot be woken properly","","","","",""
"redflag.unconscious.title","emergency","yes","Emergency Mode heading","Unconscious or hard to wake","","","","",""
"redflag.unconscious.guidance.0","emergency","yes","First-response step","If they are breathing, turn them on their side so they do not choke.","","","","",""
"redflag.unconscious.guidance.1","emergency","yes","First-response step","If they are not breathing normally, tell the emergency call-taker straight away and follow their instructions.","","","","",""
"redflag.unconscious.guidance.2","emergency","yes","First-response step","Do not give food or drink.","","","","",""
"redflag.seizure.label","emergency","yes","Emergency checklist item","Having fits (seizures), or just had one","","","","",""
"redflag.seizure.title","emergency","yes","Emergency Mode heading","Fits (seizure)","","","","",""
"redflag.seizure.guidance.0","emergency","yes","First-response step","Move hard or sharp objects away from them.","","","","",""
"redflag.seizure.guidance.1","emergency","yes","First-response step","Do not hold them down or put anything in their mouth.","","","","",""
"redflag.seizure.guidance.2","emergency","yes","First-response step","Note how long the fit lasts. When it stops, turn them on their side.","","","","",""
"redflag.bleeding.label","emergency","yes","Emergency checklist item","Heavy bleeding that will not stop, or vomiting blood","","","","",""
"redflag.bleeding.title","emergency","yes","Emergency Mode heading","Heavy bleeding","","","","",""
"redflag.bleeding.guidance.0","emergency","yes","First-response step","If bleeding is from a wound, press firmly on it with a clean cloth and keep pressing.","","","","",""
"redflag.bleeding.guidance.1","emergency","yes","First-response step","Keep the person lying down and still.","","","","",""
"redflag.allergy.label","emergency","yes","Emergency checklist item","Swelling of the lips, tongue, or throat, or a severe allergic reaction","","","","",""
"redflag.allergy.title","emergency","yes","Emergency Mode heading","Severe allergic reaction","","","","",""
"redflag.allergy.guidance.0","emergency","yes","First-response step","If they have their own prescribed adrenaline auto-injector, help them use it.","","","","",""
"redflag.allergy.guidance.1","emergency","yes","First-response step","If breathing is difficult, help them sit up. If they feel faint, help them lie down.","","","","",""
"redflag.severe_infection.label","emergency","yes","Emergency checklist item","Very unwell with fever: confusion, stiff neck, or a rash that does not fade when pressed","","","","",""
"redflag.severe_infection.title","emergency","yes","Emergency Mode heading","Very unwell with signs of serious infection","","","","",""
"redflag.severe_infection.guidance.0","emergency","yes","First-response step","Go to the nearest hospital emergency now.","","","","",""
"redflag.severe_infection.guidance.1","emergency","yes","First-response step","Keep the person comfortable and stay with them.","","","","",""
"redflag.overdose.label","emergency","yes","Emergency checklist item","Took too much medicine or drugs (overdose)","","","","",""
"redflag.overdose.title","emergency","yes","Emergency Mode heading","Possible overdose","","","","",""
"redflag.overdose.guidance.0","emergency","yes","First-response step","Try to wake them. If they are breathing, turn them on their side.","","","","",""
"redflag.overdose.guidance.1","emergency","yes","First-response step","Stay with them. Do not leave them alone.","","","","",""
"redflag.overdose.guidance.2","emergency","yes","First-response step","Keep any medicine or drug packets to show the doctor.","","","","",""
"redflag.poisoning.label","emergency","yes","Emergency checklist item","Swallowed poison, pesticide, or a harmful chemical","","","","",""
"redflag.poisoning.title","emergency","yes","Emergency Mode heading","Possible poisoning","","","","",""
"redflag.poisoning.guidance.0","emergency","yes","First-response step","Do not make them vomit.","","","","",""
"redflag.poisoning.guidance.1","emergency","yes","First-response step","Keep the container or label to show the doctor.","","","","",""
"redflag.poisoning.guidance.2","emergency","yes","First-response step","If they are unconscious but breathing, turn them on their side.","","","","",""
"redflag.snakebite.label","emergency","yes","Emergency checklist item","Snake bite","","","","",""
"redflag.snakebite.title","emergency","yes","Emergency Mode heading","Snake bite","","","","",""
"redflag.snakebite.guidance.0","emergency","yes","First-response step","Keep the person calm and still, and keep the bitten limb still.","","","","",""
"redflag.snakebite.guidance.1","emergency","yes","First-response step","Remove rings, watches, or tight items near the bite.","","","","",""
"redflag.snakebite.guidance.2","emergency","yes","First-response step","Do not cut, suck, or tie a tight band around the bite.","","","","",""
"redflag.injury.label","emergency","yes","Emergency checklist item","Serious injury, accident, head injury, or large burn","","","","",""
"redflag.injury.title","emergency","yes","Emergency Mode heading","Serious injury","","","","",""
"redflag.injury.guidance.0","emergency","yes","First-response step","If a neck or back injury is possible, do not move the person unless they are in danger.","","","","",""
"redflag.injury.guidance.1","emergency","yes","First-response step","Press firmly on any bleeding wound.","","","","",""
"redflag.injury.guidance.2","emergency","yes","First-response step","Cool burns under cool running water for 20 minutes.","","","","",""
"redflag.suicide.label","emergency","yes","Emergency checklist item","Thoughts of suicide or harming yourself","","","","",""
"redflag.suicide.title","emergency","yes","Emergency Mode heading","You are not alone — help is available now","","","","",""
"redflag.suicide.guidance.0","emergency","yes","First-response step","If you can, stay with someone you trust, or ask someone to come and be with you.","","","","",""
"redflag.suicide.guidance.1","emergency","yes","First-response step","If it is safe, move away from anything that could be used for harm.","","","","",""
"redflag.suicide.guidance.2","emergency","yes","First-response step","Talk to a trained counsellor now on Tele-MANAS 14416 (free, 24 hours).","","","","",""
"redflag.pregnancy.label","emergency","yes","Emergency checklist item","Pregnant with bleeding, fits, severe headache, water breaking, or baby moving less","","","","",""
"redflag.pregnancy.title","emergency","yes","Emergency Mode heading","Pregnancy danger sign","","","","",""
"redflag.pregnancy.guidance.0","emergency","yes","First-response step","Go to the hospital now.","","","","",""
"redflag.pregnancy.guidance.1","emergency","yes","First-response step","Take the Mother and Child Protection (MCP) card with you.","","","","",""
"redflag.postpartum.label","emergency","yes","Emergency checklist item","Recently gave birth with heavy bleeding, fits, severe headache, or breathing difficulty","","","","",""
"redflag.postpartum.title","emergency","yes","Emergency Mode heading","Danger sign after giving birth","","","","",""
"redflag.postpartum.guidance.0","emergency","yes","First-response step","Go to the hospital now.","","","","",""
"redflag.postpartum.guidance.1","emergency","yes","First-response step","Take your discharge papers and MCP card if you have them.","","","","",""
"redflag.infant.label","emergency","yes","Emergency checklist item","Baby or young child: not feeding, very sleepy or hard to wake, fits, or chest pulling in","","","","",""
"redflag.infant.title","emergency","yes","Emergency Mode heading","Seriously ill baby or young child","","","","",""
"redflag.infant.guidance.0","emergency","yes","First-response step","Keep the baby warm.","","","","",""
"redflag.infant.guidance.1","emergency","yes","First-response step","If the baby can feed, keep breastfeeding on the way to hospital.","","","","",""
"level.RED.label","triage","yes","","RED — Emergency","","","","",""
"level.RED.title","triage","yes","","Emergency","","","","",""
"level.RED.message","triage","yes","","Based on the information you provided, this may be an emergency. Call 108 or 112 now, or go to the nearest hospital emergency department.","","","","",""
"level.ORANGE.label","triage","yes","","ORANGE — Urgent assessment","","","","",""
"level.ORANGE.title","triage","yes","","Urgent medical assessment","","","","",""
"level.ORANGE.message","triage","yes","","Based on the information you provided, seeking urgent medical assessment is recommended today. Go to a hospital or health centre today.","","","","",""
"level.ORANGE.nowMessage","triage","yes","","Based on the information you provided, seeking urgent medical assessment is recommended now. Go to a hospital or health centre as soon as possible — do not wait.","","","","",""
"level.YELLOW.label","triage","yes","","YELLOW — Consultation recommended","","","","",""
"level.YELLOW.title","triage","yes","","See a doctor soon","","","","",""
"level.YELLOW.message","triage","yes","","Based on the information you provided, a consultation with a doctor is recommended within the next few days. An online consultation may be a good first step.","","","","",""
"level.GREEN.label","triage","yes","","GREEN — Self-care with safety advice","","","","",""
"level.GREEN.title","triage","yes","","Usually suitable for self-care","","","","",""
"level.GREEN.message","triage","yes","","Based on the information you provided, this is usually suitable for self-care at home. Watch for the warning signs below, and see a doctor if things change.","","","","",""
"triage.failsafe","triage","yes","","We could not complete the check. If you feel very unwell or think this may be an emergency, call 108 or 112 now. Otherwise, please see a doctor or health worker today.","","","","",""
"triage.safetynet.0","triage","yes","","You get worse, or new symptoms appear","","","","",""
"triage.safetynet.1","triage","yes","","You are not getting better after 3 days","","","","",""
"triage.safetynet.2","triage","yes","","You are worried for any reason","","","","",""
"age.young-infant","triage","yes","","Baby under 2 months","","","","",""
"age.child-under-5","triage","yes","","2 months to 4 years","","","","",""
"age.child","triage","yes","","5 to 17 years","","","","",""
"age.adult","triage","yes","","18 to 59 years","","","","",""
"age.older","triage","yes","","60 years or older","","","","",""
"duration.today","triage","yes","","Started today","","","","",""
"duration.1-3-days","triage","yes","","1 to 3 days","","","","",""
"duration.4-14-days","triage","yes","","4 days to 2 weeks","","","","",""
"duration.over-2-weeks","triage","yes","","More than 2 weeks","","","","",""
"progression.better","triage","yes","","Getting better","","","","",""
"progression.same","triage","yes","","About the same","","","","",""
"progression.worse","triage","yes","","Getting worse","","","","",""
"severity.mild","triage","yes","","Mild","","","","",""
"severity.mild.hint","triage","yes","","Can do normal activities","","","","",""
"severity.moderate","triage","yes","","Moderate","","","","",""
"severity.moderate.hint","triage","yes","","Hard to do normal activities","","","","",""
"severity.severe","triage","yes","","Severe","","","","",""
"severity.severe.hint","triage","yes","","Can hardly do anything","","","","",""
"question.yi-feeding.text","triage","yes","Triage question (yes / no / not sure)","Is the baby not feeding well, or unable to breastfeed?","","","","",""
"question.yi-movement.text","triage","yes","Triage question (yes / no / not sure)","Does the baby move only when touched, or not move at all?","","","","",""
"question.yi-breathing.text","triage","yes","Triage question (yes / no / not sure)","Is the baby breathing very fast, or does the chest pull in with each breath?","","","","",""
"question.yi-temp.text","triage","yes","Triage question (yes / no / not sure)","Does the baby feel hot (fever), or unusually cold?","","","","",""
"question.yi-temp.help","triage","yes","","A temperature of 38°C or more, or a baby who feels cold to touch.","","","","",""
"question.c5-drink.text","triage","yes","Triage question (yes / no / not sure)","Is the child unable to drink or breastfeed?","","","","",""
"question.c5-vomit.text","triage","yes","Triage question (yes / no / not sure)","Does the child vomit everything they eat or drink?","","","","",""
"question.c5-lethargic.text","triage","yes","Triage question (yes / no / not sure)","Is the child very sleepy, floppy, or difficult to wake?","","","","",""
"question.c5-chest.text","triage","yes","Triage question (yes / no / not sure)","Does the child's chest pull in when they breathe in?","","","","",""
"question.any-fits.text","triage","yes","Triage question (yes / no / not sure)","Has the person had fits (seizures) with this illness?","","","","",""
"question.preg-bleeding.text","triage","yes","Triage question (yes / no / not sure)","Is there any bleeding from the vagina?","","","","",""
"question.preg-headache.text","triage","yes","Triage question (yes / no / not sure)","Severe headache, blurred vision, fits, or swelling of the face and hands?","","","","",""
"question.preg-water.text","triage","yes","Triage question (yes / no / not sure)","Has the water broken, or are there regular painful contractions?","","","","",""
"question.preg-movement.text","triage","yes","Triage question (yes / no / not sure)","Is the baby moving less than usual?","","","","",""
"question.preg-movement.help","triage","yes","","Only answer if the pregnancy is far enough along to feel the baby move.","","","","",""
"question.preg-fever.text","triage","yes","Triage question (yes / no / not sure)","Is there a high fever?","","","","",""
"question.pp-bleeding.text","triage","yes","Triage question (yes / no / not sure)","Is there heavy bleeding from the vagina?","","","","",""
"question.pp-fits.text","triage","yes","Triage question (yes / no / not sure)","Fits, severe headache, blurred vision, or difficulty breathing?","","","","",""
"question.pp-harm.text","triage","yes","Triage question (yes / no / not sure)","Any thoughts of harming yourself or the baby?","","","","",""
"question.pp-fever.text","triage","yes","Triage question (yes / no / not sure)","Fever, foul-smelling discharge, or a painful, swollen leg?","","","","",""
"question.immuno-fever.text","triage","yes","Triage question (yes / no / not sure)","Is there a fever, or feeling hot and shivery?","","","","",""
"complaint.fever.label","triage","yes","","Fever","","","","",""
"question.fever-neck.text","triage","yes","Triage question for: Fever","Stiff neck, or a rash that does not fade when pressed?","","","","",""
"question.fever-confused.text","triage","yes","Triage question for: Fever","Confusion, or very difficult to wake?","","","","",""
"question.fever-bleeding.text","triage","yes","Triage question for: Fever","Bleeding from gums or nose, blood in vomit, or black stools?","","","","",""
"question.fever-breathing.text","triage","yes","Triage question for: Fever","Breathing faster than normal, or short of breath?","","","","",""
"question.fever-vomit.text","triage","yes","Triage question for: Fever","Severe stomach pain, or vomiting again and again?","","","","",""
"question.fever-weaker.text","triage","yes","Triage question for: Fever","Has the fever gone down, but the person now feels much weaker, very sleepy, or restless?","","","","",""
"question.fever-headache.text","triage","yes","Triage question for: Fever","Severe headache?","","","","",""
"question.fever-chills.text","triage","yes","Triage question for: Fever","Shivering and chills?","","","","",""
"question.fever-travel.text","triage","yes","Triage question for: Fever","Recently in forest, jhum fields, or border areas, or many mosquito bites?","","","","",""
"question.fever-tb.text","triage","yes","Triage question for: Fever","Cough for 2 weeks or more, night sweats, or weight loss?","","","","",""
"complaint.cough.label","triage","yes","","Cough or breathing problem","","","","",""
"question.cough-severe.text","triage","yes","Triage question for: Cough or breathing problem","Severe difficulty breathing, or lips turning blue?","","","","",""
"question.cough-blood.text","triage","yes","Triage question for: Cough or breathing problem","Coughing up blood?","","","","",""
"question.cough-chestpain.text","triage","yes","Triage question for: Cough or breathing problem","Chest pain when breathing or coughing?","","","","",""
"question.cough-wheeze.text","triage","yes","Triage question for: Cough or breathing problem","Wheezing, or the chest feels tight?","","","","",""
"question.cough-fever.text","triage","yes","Triage question for: Cough or breathing problem","Fever with the cough?","","","","",""
"question.cough-2weeks.text","triage","yes","Triage question for: Cough or breathing problem","Has the cough lasted 2 weeks or more?","","","","",""
"question.cough-sweats.text","triage","yes","Triage question for: Cough or breathing problem","Night sweats, or losing weight without trying?","","","","",""
"complaint.heart.label","triage","yes","","Chest discomfort, heartbeat, or blood pressure","","","","",""
"question.heart-now.text","triage","yes","Triage question for: Chest discomfort, heartbeat, or blood pressure","Chest pain, pressure, or tightness right now?","","","","",""
"question.heart-spread.text","triage","yes","Triage question for: Chest discomfort, heartbeat, or blood pressure","Pain spreading to the arm, neck, jaw, back, or stomach?","","","","",""
"question.heart-sweat.text","triage","yes","Triage question for: Chest discomfort, heartbeat, or blood pressure","Sweating, feeling sick, or short of breath with chest discomfort?","","","","",""
"question.heart-exertion.text","triage","yes","Triage question for: Chest discomfort, heartbeat, or blood pressure","Chest discomfort during activity that goes away with rest?","","","","",""
"question.heart-veryhigh.text","triage","yes","Triage question for: Chest discomfort, heartbeat, or blood pressure","Blood pressure measured at 180/120 or higher?","","","","",""
"question.heart-irregular.text","triage","yes","Triage question for: Chest discomfort, heartbeat, or blood pressure","Very fast, pounding, or irregular heartbeat with dizziness?","","","","",""
"question.heart-swelling.text","triage","yes","Triage question for: Chest discomfort, heartbeat, or blood pressure","Swollen feet or ankles with breathlessness?","","","","",""
"question.heart-high.text","triage","yes","Triage question for: Chest discomfort, heartbeat, or blood pressure","Blood pressure measured at 140/90 or higher?","","","","",""
"complaint.stomach.label","triage","yes","","Stomach pain, vomiting, or diarrhoea","","","","",""
"question.stomach-blood.text","triage","yes","Triage question for: Stomach pain, vomiting, or diarrhoea","Vomiting blood, or black or bloody stools?","","","","",""
"question.stomach-pain.text","triage","yes","Triage question for: Stomach pain, vomiting, or diarrhoea","Severe stomach pain that does not go away?","","","","",""
"question.stomach-dry.text","triage","yes","Triage question for: Stomach pain, vomiting, or diarrhoea","Very little urine, very dry mouth, or dizzy when standing?","","","","",""
"question.stomach-fluids.text","triage","yes","Triage question for: Stomach pain, vomiting, or diarrhoea","Cannot keep any fluids down?","","","","",""
"question.stomach-bloody.text","triage","yes","Triage question for: Stomach pain, vomiting, or diarrhoea","Diarrhoea with blood in it?","","","","",""
"question.stomach-yellow.text","triage","yes","Triage question for: Stomach pain, vomiting, or diarrhoea","Yellow eyes or skin?","","","","",""
"question.stomach-swallow.text","triage","yes","Triage question for: Stomach pain, vomiting, or diarrhoea","Difficulty swallowing, or losing weight without trying?","","","","",""
"complaint.headache.label","triage","yes","","Headache or dizziness","","","","",""
"question.head-worst.text","triage","yes","Triage question for: Headache or dizziness","Sudden, very severe headache — the worst ever?","","","","",""
"question.head-stroke.text","triage","yes","Triage question for: Headache or dizziness","Face drooping, arm or leg weakness, or slurred speech?","","","","",""
"question.head-neck.text","triage","yes","Triage question for: Headache or dizziness","Headache with fever and a stiff neck?","","","","",""
"question.head-injury.text","triage","yes","Triage question for: Headache or dizziness","Headache after a head injury, with vomiting or drowsiness?","","","","",""
"question.head-faint.text","triage","yes","Triage question for: Headache or dizziness","Fainting or nearly fainting?","","","","",""
"question.head-vision.text","triage","yes","Triage question for: Headache or dizziness","Blurred or double vision?","","","","",""
"question.head-repeat.text","triage","yes","Triage question for: Headache or dizziness","Headaches that keep coming back for weeks?","","","","",""
"complaint.injury.label","triage","yes","","Injury, wound, burn, or bite","","","","",""
"question.inj-head.text","triage","yes","Triage question for: Injury, wound, burn, or bite","Head injury with vomiting, drowsiness, confusion, or passing out?","","","","",""
"question.inj-snake.text","triage","yes","Triage question for: Injury, wound, burn, or bite","Snake bite?","","","","",""
"question.inj-bleed.text","triage","yes","Triage question for: Injury, wound, burn, or bite","Heavy bleeding that does not stop with pressure?","","","","",""
"question.inj-animal.text","triage","yes","Triage question for: Injury, wound, burn, or bite","Bitten or scratched by a dog, cat, monkey, or other animal?","","","","",""
"question.inj-bone.text","triage","yes","Triage question for: Injury, wound, burn, or bite","A bone may be broken, or cannot move or put weight on the limb?","","","","",""
"question.inj-deep.text","triage","yes","Triage question for: Injury, wound, burn, or bite","Deep cut, or a cut that gapes open?","","","","",""
"question.inj-burn.text","triage","yes","Triage question for: Injury, wound, burn, or bite","Burn larger than the person's palm, or on the face, hands, feet, or private parts?","","","","",""
"question.inj-infected.text","triage","yes","Triage question for: Injury, wound, burn, or bite","Wound that is red, hot, swollen, or has pus?","","","","",""
"complaint.ent.label","triage","yes","","Ear, nose, or throat","","","","",""
"question.ent-airway.text","triage","yes","Triage question for: Ear, nose, or throat","Difficulty breathing, or unable to swallow saliva?","","","","",""
"question.ent-hearing.text","triage","yes","Triage question for: Ear, nose, or throat","Sudden loss of hearing?","","","","",""
"question.ent-ear.text","triage","yes","Triage question for: Ear, nose, or throat","Ear pain with high fever, or swelling behind the ear?","","","","",""
"question.ent-nose.text","triage","yes","Triage question for: Ear, nose, or throat","Nosebleed that does not stop after pinching the nose for 15 minutes?","","","","",""
"question.ent-voice.text","triage","yes","Triage question for: Ear, nose, or throat","Hoarse voice for more than 3 weeks?","","","","",""
"complaint.mouth.label","triage","yes","","Mouth or teeth","","","","",""
"question.mouth-swell.text","triage","yes","Triage question for: Mouth or teeth","Swelling of the face or neck with difficulty swallowing or breathing?","","","","",""
"question.mouth-ulcer.text","triage","yes","Triage question for: Mouth or teeth","Mouth ulcer, or white or red patch, lasting more than 2 weeks?","","","","",""
"question.mouth-open.text","triage","yes","Triage question for: Mouth or teeth","Difficulty opening the mouth fully?","","","","",""
"question.mouth-lump.text","triage","yes","Triage question for: Mouth or teeth","A lump in the mouth or neck?","","","","",""
"question.mouth-tooth.text","triage","yes","Triage question for: Mouth or teeth","Severe toothache, or swelling around a tooth?","","","","",""
"complaint.eye.label","triage","yes","","Eye problem","","","","",""
"question.eye-sudden.text","triage","yes","Triage question for: Eye problem","Sudden loss of vision in one or both eyes?","","","","",""
"question.eye-chemical.text","triage","yes","Triage question for: Eye problem","Chemical splash or injury to the eye?","","","","",""
"question.eye-painful.text","triage","yes","Triage question for: Eye problem","Painful red eye with blurred vision?","","","","",""
"question.eye-gradual.text","triage","yes","Triage question for: Eye problem","Vision slowly getting blurry, or difficulty reading?","","","","",""
"complaint.skin.label","triage","yes","","Skin rash or patch","","","","",""
"question.skin-allergy.text","triage","yes","Triage question for: Skin rash or patch","Rash with swelling of the lips or face, or difficulty breathing?","","","","",""
"question.skin-nonfading.text","triage","yes","Triage question for: Skin rash or patch","Rash that does not fade when pressed, with fever?","","","","",""
"question.skin-blisters.text","triage","yes","Triage question for: Skin rash or patch","Painful blisters, or a rash spreading quickly?","","","","",""
"question.skin-numb.text","triage","yes","Triage question for: Skin rash or patch","A pale or reddish patch with loss of feeling?","","","","",""
"question.skin-mole.text","triage","yes","Triage question for: Skin rash or patch","A mole or patch changing in size, shape, or colour?","","","","",""
"question.skin-long.text","triage","yes","Triage question for: Skin rash or patch","Itchy rash lasting more than 2 weeks?","","","","",""
"complaint.bones.label","triage","yes","","Joint, back, or bone pain","","","","",""
"question.bone-cauda.text","triage","yes","Triage question for: Joint, back, or bone pain","Back pain with numbness around the private parts, or loss of bladder or bowel control?","","","","",""
"question.bone-weak.text","triage","yes","Triage question for: Joint, back, or bone pain","New weakness or numbness in the legs?","","","","",""
"question.bone-hot.text","triage","yes","Triage question for: Joint, back, or bone pain","A hot, swollen joint with fever?","","","","",""
"question.bone-fall.text","triage","yes","Triage question for: Joint, back, or bone pain","After a fall or injury, cannot move or put weight on it?","","","","",""
"complaint.urine.label","triage","yes","","Urine problems","","","","",""
"question.urine-none.text","triage","yes","Triage question for: Urine problems","Unable to pass urine at all?","","","","",""
"question.urine-fever.text","triage","yes","Triage question for: Urine problems","Pain or burning with fever or back pain?","","","","",""
"question.urine-blood.text","triage","yes","Triage question for: Urine problems","Blood in the urine?","","","","",""
"question.urine-thirst.text","triage","yes","Triage question for: Urine problems","Passing urine often and feeling very thirsty?","","","","",""
"complaint.pregnancy.label","triage","yes","","Pregnancy concern","","","","",""
"question.preg-urine.text","triage","yes","Triage question for: Pregnancy concern","Burning while passing urine?","","","","",""
"question.preg-mood.text","triage","yes","Triage question for: Pregnancy concern","Feeling very sad, worried, or unable to cope?","","","","",""
"complaint.child.label","triage","yes","","Baby or child is unwell","","","","",""
"question.child-fast.text","triage","yes","Triage question for: Baby or child is unwell","Is the child breathing fast?","","","","",""
"question.child-dehydrated.text","triage","yes","Triage question for: Baby or child is unwell","Diarrhoea with sunken eyes, or drinking very eagerly?","","","","",""
"question.child-fever.text","triage","yes","Triage question for: Baby or child is unwell","Fever?","","","","",""
"question.child-weight.text","triage","yes","Triage question for: Baby or child is unwell","Not growing or gaining weight?","","","","",""
"complaint.mental.label","triage","yes","","Stress, sadness, or worry","","","","",""
"question.mental-suicide.text","triage","yes","Triage question for: Stress, sadness, or worry","Thoughts of suicide or harming yourself?","","","","",""
"question.mental-psychosis.text","triage","yes","Triage question for: Stress, sadness, or worry","Hearing or seeing things others don't, or very confused?","","","","",""
"question.mental-selfcare.text","triage","yes","Triage question for: Stress, sadness, or worry","Unable to eat, sleep, or look after yourself?","","","","",""
"question.mental-2weeks.text","triage","yes","Triage question for: Stress, sadness, or worry","Feeling sad, hopeless, or anxious most days for 2 weeks or more?","","","","",""
"question.mental-substances.text","triage","yes","Triage question for: Stress, sadness, or worry","Using alcohol or drugs to cope?","","","","",""
"complaint.cancer.label","triage","yes","","Lump, unusual bleeding, or weight loss","","","","",""
"question.cancer-heavy.text","triage","yes","Triage question for: Lump, unusual bleeding, or weight loss","Heavy bleeding that will not stop?","","","","",""
"question.cancer-blood.text","triage","yes","Triage question for: Lump, unusual bleeding, or weight loss","Vomiting or coughing up blood?","","","","",""
"question.cancer-lump.text","triage","yes","Triage question for: Lump, unusual bleeding, or weight loss","A new lump anywhere in the body?","","","","",""
"question.cancer-weight.text","triage","yes","Triage question for: Lump, unusual bleeding, or weight loss","Losing weight without trying?","","","","",""
"question.cancer-unusual.text","triage","yes","Triage question for: Lump, unusual bleeding, or weight loss","Bleeding after menopause, between periods, or in urine or stool?","","","","",""
"question.cancer-wound.text","triage","yes","Triage question for: Lump, unusual bleeding, or weight loss","A wound or mouth ulcer that does not heal?","","","","",""
"complaint.substance.label","triage","yes","","Alcohol or drug problem","","","","",""
"question.sub-overdose.text","triage","yes","Triage question for: Alcohol or drug problem","Has someone taken too much and cannot be woken, or is breathing slowly?","","","","",""
"question.sub-fits.text","triage","yes","Triage question for: Alcohol or drug problem","Fits after stopping alcohol?","","","","",""
"question.sub-withdrawal.text","triage","yes","Triage question for: Alcohol or drug problem","Severe shaking, confusion, or seeing things after stopping?","","","","",""
"question.sub-needles.text","triage","yes","Triage question for: Alcohol or drug problem","Has shared needles or syringes?","","","","",""
"question.sub-stop.text","triage","yes","Triage question for: Alcohol or drug problem","Wants to stop but cannot?","","","","",""
"complaint.hiv.label","triage","yes","","HIV or sexual health concern","","","","",""
"question.hiv-72h.text","triage","yes","Triage question for: HIV or sexual health concern","Possible exposure to HIV in the last 72 hours (3 days)?","","","","",""
"question.hiv-72h.help","triage","yes","","For example: sex without a condom, sharing a needle, or a needle-stick injury.","","","","",""
"question.hiv-older.text","triage","yes","Triage question for: HIV or sexual health concern","Possible exposure more than 3 days ago?","","","","",""
"question.hiv-symptoms.text","triage","yes","Triage question for: HIV or sexual health concern","Sores, unusual discharge, or pain in the private parts?","","","","",""
"question.hiv-tb.text","triage","yes","Triage question for: HIV or sexual health concern","Living with HIV and has fever, cough, or weight loss?","","","","",""
"complaint.other.label","triage","yes","","Something else","","","","",""
